"k","b","exp1_inverse_temp","exp2_inverse_temp"
1.21505863422674,-0.843802103460454,0.285820319148909,2.45918418362252
